[
  [
    {
      "__type__": "cc.SceneAsset",
      "_name": "scene1",
      "scene": {
        "__id__": 1
      },
      "asyncLoadAssets": null
    },
    {
      "__type__": "cc.Scene",
      "_name": "New Node",
      "_children": [
        {
          "__id__": 2
        }
      ],
      "_anchorPoint": {
        "__type__": "cc.Vec2"
      },
      "_trs": {
        "__type__": "TypedArray",
        "ctor": "Float64Array",
        "array": [
          0,
          0,
          0,
          0,
          0,
          0,
          1,
          1,
          1,
          1
        ]
      },
      "autoReleaseAssets": false
    },
    {
      "__type__": "cc.Node",
      "_name": "Canvas",
      "_parent": {
        "__id__": 1
      },
      "_children": [
        {
          "__id__": 3
        },
        {
          "__type__": "cc.Node",
          "_name": "sprite",
          "_parent": {
            "__id__": 2
          },
          "_contentSize": {
            "__type__": "cc.Size",
            "width": 40,
            "height": 36
          },
          "_trs": {
            "__type__": "TypedArray",
            "ctor": "Float64Array",
            "array": [
              0,
              0,
              0,
              0,
              0,
              0,
              1,
              1,
              1,
              1
            ]
          }
        },
        {
          "__id__": 4
        }
      ],
      "_components": [
        {
          "__type__": "cc.Canvas",
          "node": {
            "__id__": 2
          },
          "_designResolution": {
            "__type__": "cc.Size",
            "width": 480,
            "height": 960
          },
          "_fitWidth": true,
          "_fitHeight": false
        },
        {
          "__type__": "b21e0KXVJZMLp8s4gGSvbVl",
          "node": {
            "__id__": 2
          }
        }
      ],
      "_contentSize": {
        "__type__": "cc.Size",
        "width": 480,
        "height": 960
      },
      "_trs": {
        "__type__": "TypedArray",
        "ctor": "Float64Array",
        "array": [
          240,
          480,
          0,
          0,
          0,
          0,
          1,
          1,
          1,
          1
        ]
      },
      "_id": "61E9DqmTJCc4Ij1r/e1D5Z"
    },
    {
      "__type__": "cc.Node",
      "_name": "Main Camera",
      "_parent": {
        "__id__": 2
      },
      "_components": [
        {
          "__type__": "cc.Camera",
          "node": {
            "__id__": 3
          },
          "_clearFlags": 7,
          "_depth": -1
        }
      ],
      "_trs": {
        "__type__": "TypedArray",
        "ctor": "Float64Array",
        "array": [
          0,
          0,
          245.08518927099615,
          0,
          0,
          0,
          1,
          1,
          1,
          1
        ]
      }
    },
    {
      "__type__": "cc.Node",
      "_name": "hotUpdate",
      "_parent": {
        "__id__": 2
      },
      "_children": [
        {
          "__id__": 5
        }
      ],
      "_components": [
        {
          "__type__": "cc.Button",
          "node": {
            "__id__": 4
          },
          "_N$transition": 2,
          "transition": 2,
          "_N$normalColor": {
            "__type__": "cc.Color",
            "r": 230,
            "g": 230,
            "b": 230
          },
          "_N$pressedColor": {
            "__type__": "cc.Color",
            "r": 200,
            "g": 200,
            "b": 200
          },
          "pressedColor": {
            "__type__": "cc.Color",
            "r": 200,
            "g": 200,
            "b": 200
          },
          "_N$disabledColor": {
            "__type__": "cc.Color",
            "r": 120,
            "g": 120,
            "b": 120,
            "a": 200
          },
          "_N$normalSprite": {
            "__uuid__": "f0BIwQ8D5Ml7nTNQbh1YlS"
          },
          "_N$pressedSprite": {
            "__uuid__": "e97GVMl6JHh5Ml5qEDdSGa"
          },
          "pressedSprite": {
            "__uuid__": "e97GVMl6JHh5Ml5qEDdSGa"
          },
          "_N$hoverSprite": {
            "__uuid__": "f0BIwQ8D5Ml7nTNQbh1YlS"
          },
          "hoverSprite": {
            "__uuid__": "f0BIwQ8D5Ml7nTNQbh1YlS"
          },
          "_N$disabledSprite": {
            "__uuid__": "29FYIk+N1GYaeWH/q1NxQO"
          },
          "_N$target": {
            "__id__": 5
          }
        }
      ],
      "_contentSize": {
        "__type__": "cc.Size",
        "width": 100,
        "height": 40
      },
      "_trs": {
        "__type__": "TypedArray",
        "ctor": "Float64Array",
        "array": [
          -25.359,
          -336.906,
          0,
          0,
          0,
          0,
          1,
          1,
          1,
          1
        ]
      }
    },
    {
      "__type__": "cc.Node",
      "_name": "Background",
      "_parent": {
        "__id__": 4
      },
      "_children": [
        {
          "__id__": 6
        }
      ],
      "_components": [
        {
          "__type__": "cc.Sprite",
          "node": {
            "__id__": 5
          },
          "_materials": [
            {
              "__uuid__": "ecpdLyjvZBwrvm+cedCcQy"
            }
          ],
          "_spriteFrame": {
            "__uuid__": "f0BIwQ8D5Ml7nTNQbh1YlS"
          },
          "_type": 1,
          "_sizeMode": 0
        },
        {
          "__type__": "cc.Widget",
          "node": {
            "__id__": 5
          },
          "alignMode": 0,
          "_alignFlags": 45,
          "_originalWidth": 100,
          "_originalHeight": 40
        }
      ],
      "_contentSize": {
        "__type__": "cc.Size",
        "width": 100,
        "height": 40
      },
      "_trs": {
        "__type__": "TypedArray",
        "ctor": "Float64Array",
        "array": [
          0,
          0,
          0,
          0,
          0,
          0,
          1,
          1,
          1,
          1
        ]
      }
    },
    {
      "__type__": "cc.Node",
      "_name": "Label",
      "_parent": {
        "__id__": 5
      },
      "_components": [
        {
          "__type__": "cc.Label",
          "node": {
            "__id__": 6
          },
          "_materials": [
            {
              "__uuid__": "ecpdLyjvZBwrvm+cedCcQy"
            }
          ],
          "_useOriginalSize": false,
          "_string": "button",
          "_N$string": "button",
          "_fontSize": 20,
          "_enableWrapText": false,
          "_N$horizontalAlign": 1,
          "_N$verticalAlign": 1,
          "_N$overflow": 1
        }
      ],
      "_color": {
        "__type__": "cc.Color"
      },
      "_contentSize": {
        "__type__": "cc.Size",
        "width": 100,
        "height": 40
      },
      "_trs": {
        "__type__": "TypedArray",
        "ctor": "Float64Array",
        "array": [
          0,
          0,
          0,
          0,
          0,
          0,
          1,
          1,
          1,
          1
        ]
      }
    }
  ],
  {
    "__type__": "cc.SpriteFrame",
    "content": {
      "name": "default_btn_disabled",
      "texture": "71VhFCTINJM6/Ky3oX9nBT",
      "rect": [
        0,
        0,
        40,
        40
      ],
      "offset": [
        0,
        0
      ],
      "originalSize": [
        40,
        40
      ],
      "capInsets": [
        12,
        12,
        12,
        12
      ]
    }
  },
  {
    "__type__": "cc.SpriteFrame",
    "content": {
      "name": "default_btn_pressed",
      "texture": "b4P/PCArtIdIH38t6mlw8Y",
      "rect": [
        0,
        0,
        40,
        40
      ],
      "offset": [
        0,
        0
      ],
      "originalSize": [
        40,
        40
      ],
      "capInsets": [
        12,
        12,
        12,
        12
      ]
    }
  },
  {
    "__type__": "cc.SpriteFrame",
    "content": {
      "name": "default_btn_normal",
      "texture": "e8Ueib+qJEhL6mXAHdnwbi",
      "rect": [
        0,
        0,
        40,
        40
      ],
      "offset": [
        0,
        0
      ],
      "originalSize": [
        40,
        40
      ],
      "capInsets": [
        12,
        12,
        12,
        12
      ]
    }
  }
]