[
  {
    "__type__": "cc.EffectAsset",
    "_name": "builtin-clear-stencil",
    "techniques": [
      {
        "passes": [
          {
            "blendState": {
              "targets": [
                {
                  "blend": true
                }
              ]
            },
            "rasterizerState": {
              "cullMode": 0
            },
            "program": "builtin-clear-stencil|vs|fs"
          }
        ]
      }
    ],
    "shaders": [
      {
        "hash": 2380943059,
        "glsl3": {
          "vert": "\nprecision highp float;\n\nin vec3 a_position;\n\nvoid main () {\n  gl_Position = vec4(a_position, 1);\n}\n\n",
          "frag": "\nprecision highp float;\n\nvoid main () {\n  gl_FragColor = vec4(1.0);\n}\n\n"
        },
        "glsl1": {
          "vert": "\nprecision highp float;\n\nattribute vec3 a_position;\n\nvoid main () {\n  gl_Position = vec4(a_position, 1);\n}\n\n",
          "frag": "\nprecision highp float;\n\nvoid main () {\n  gl_FragColor = vec4(1.0);\n}\n\n"
        },
        "builtins": {
          "globals": {
            "blocks": [],
            "samplers": []
          },
          "locals": {
            "blocks": [],
            "samplers": []
          }
        },
        "defines": [],
        "blocks": [],
        "samplers": [],
        "dependencies": {},
        "name": "builtin-clear-stencil|vs|fs"
      }
    ]
  },
  {
    "__type__": "cc.Material",
    "_name": "builtin-clear-stencil",
    "_effectAsset": {
      "__uuid__": "c0BAyVxX9JzZy8EjFrc9DU"
    },
    "_defines": {},
    "_props": {}
  }
]